<?xml version="1.0" encoding="utf-8"?>
<!DOCTYPE hibernate-configuration PUBLIC
        "-//Hibernate/Hibernate Configuration DTD 3.0//EN"
        "http://hibernate.sourceforge.net/hibernate-configuration-3.0.dtd">
<hibernate-configuration>
    <session-factory>
        <property name="hibernate.bytecode.use_reflection_optimizer">false</property>
        <property name="hibernate.dialect">org.hibernate.dialect.MySQLDialect</property>
        <property name="hibernate.connection.url">jdbc:mysql://localhost:3306/homework?createDatabaseIfNotExist=true</property>
        <property name="hibernate.connection.driver_class">com.mysql.cj.jdbc.Driver</property>
        <!--     create,create - drop,none,update,validate-->
        <property name="hibernate.hbm2ddl.auto">update</property>
        <property name="show_sql">true</property>

        <property name="hibernate.connection.username">root</property>
        <property name="hibernate.connection.password">SAR04071992</property>

        <mapping class="org.homework.hibernate.model.Company"/>
        <mapping class="org.homework.hibernate.model.Customer"/>
        <mapping class="org.homework.hibernate.model.Developer"/>
        <mapping class="org.homework.hibernate.model.Project"/>
        <mapping class="org.homework.hibernate.model.Skill"/>
    </session-factory>
</hibernate-configuration>